{"cameraMode":{"drawMode":0,"name":"Shaded","section":"Shading Mode"},"sceneLighting":false,"audioPlay":false,"sceneViewState":{"showFog":false,"showMaterialUpdate":false,"showSkybox":false,"showFlares":false,"showImageEffects":false,"showParticleSystems":false},"in2DMode":false,"pivot":{"x":43.05979919433594,"y":141.9860382080078,"z":-18.575660705566408},"rotation":{"x":-0.0005382837262004614,"y":-0.9969356060028076,"z":0.07792190462350846,"w":-0.0068775322288274769},"size":102.84812927246094,"orthographic":false}