{"cameraMode":{"drawMode":0,"name":"Shaded","section":"Shading Mode"},"sceneLighting":false,"audioPlay":false,"sceneViewState":{"showFog":true,"showMaterialUpdate":false,"showSkybox":false,"showFlares":true,"showImageEffects":true,"showParticleSystems":true},"in2DMode":false,"pivot":{"x":-32.359405517578128,"y":176.1932373046875,"z":218.0569610595703},"rotation":{"x":0.0004579077067319304,"y":-0.9918763637542725,"z":0.12715496122837068,"w":0.003572676097974181},"size":245.09506225585938,"orthographic":false}