{"cameraMode":{"drawMode":0,"name":"Shaded","section":"Shading Mode"},"sceneLighting":false,"audioPlay":false,"sceneViewState":{"showFog":false,"showMaterialUpdate":false,"showSkybox":false,"showFlares":false,"showImageEffects":false,"showParticleSystems":false},"in2DMode":false,"pivot":{"x":-24.712684631347658,"y":94.21711730957031,"z":3.5056610107421877},"rotation":{"x":-0.006986241787672043,"y":0.9897356629371643,"z":-0.13292421400547028,"w":-0.052016571164131168},"size":386.03271484375,"orthographic":false}