{"cameraMode":{"drawMode":0,"name":"Shaded","section":"Shading Mode"},"sceneLighting":false,"audioPlay":false,"sceneViewState":{"showFog":false,"showMaterialUpdate":false,"showSkybox":false,"showFlares":false,"showImageEffects":false,"showParticleSystems":false},"in2DMode":false,"pivot":{"x":-161.88650512695313,"y":85.95146179199219,"z":-58.53807830810547},"rotation":{"x":0.12593026459217072,"y":-0.662774384021759,"z":0.11445417255163193,"w":0.7292269468307495},"size":557.771240234375,"orthographic":false}