{"cameraMode":{"drawMode":0,"name":"Shaded","section":"Shading Mode"},"sceneLighting":false,"audioPlay":false,"sceneViewState":{"showFog":false,"showMaterialUpdate":false,"showSkybox":false,"showFlares":false,"showImageEffects":false,"showParticleSystems":false},"in2DMode":false,"pivot":{"x":-1.4372584819793702,"y":1.092151403427124,"z":0.025623798370361329},"rotation":{"x":0.004084968939423561,"y":-0.9958912134170532,"z":0.06732598692178726,"w":0.060425661504268649},"size":-0.004869699478149414,"orthographic":false}