{"cameraMode":{"drawMode":0,"name":"Shaded","section":"Shading Mode"},"sceneLighting":false,"audioPlay":false,"sceneViewState":{"showFog":false,"showMaterialUpdate":false,"showSkybox":false,"showFlares":false,"showImageEffects":false,"showParticleSystems":false},"in2DMode":false,"pivot":{"x":-12.329461097717286,"y":112.43840789794922,"z":-110.97860717773438},"rotation":{"x":-0.00025646184803918004,"y":-0.9995534420013428,"z":0.02849499322474003,"w":-0.008996224962174893},"size":325.8769836425781,"orthographic":false}