{"cameraMode":{"drawMode":0,"name":"Shaded","section":"Shading Mode"},"sceneLighting":true,"audioPlay":false,"sceneViewState":{"showFog":false,"showMaterialUpdate":false,"showSkybox":false,"showFlares":false,"showImageEffects":false,"showParticleSystems":false},"in2DMode":false,"pivot":{"x":-2740.701904296875,"y":86.74195098876953,"z":13.7344970703125},"rotation":{"x":0.0056706867180764679,"y":-0.9938971996307373,"z":0.09119671583175659,"w":0.06180186942219734},"size":424.7320861816406,"orthographic":false}