{"cameraMode":{"drawMode":0,"name":"Shaded","section":"Shading Mode"},"sceneLighting":false,"audioPlay":false,"sceneViewState":{"showFog":true,"showMaterialUpdate":false,"showSkybox":false,"showFlares":true,"showImageEffects":true,"showParticleSystems":true},"in2DMode":false,"pivot":{"x":-0.023575663566589357,"y":1.1236282587051392,"z":0.5543694496154785},"rotation":{"x":-0.025846267119050027,"y":-0.9069772362709045,"z":0.05576163902878761,"w":-0.41667133569717409},"size":3.5431463718414308,"orthographic":false}