{"cameraMode":{"drawMode":0,"name":"Shaded","section":"Shading Mode"},"sceneLighting":false,"audioPlay":false,"sceneViewState":{"showFog":true,"showMaterialUpdate":false,"showSkybox":false,"showFlares":true,"showImageEffects":true,"showParticleSystems":true},"in2DMode":false,"pivot":{"x":7.5718841552734379,"y":834.8008422851563,"z":116.5286865234375},"rotation":{"x":0.0023651255760341884,"y":-0.9917111992835999,"z":0.12713323533535005,"w":0.01844991371035576},"size":2968.34521484375,"orthographic":false}