{"cameraMode":{"drawMode":0,"name":"Shaded","section":"Shading Mode"},"sceneLighting":true,"audioPlay":false,"sceneViewState":{"showFog":false,"showMaterialUpdate":false,"showSkybox":false,"showFlares":false,"showImageEffects":false,"showParticleSystems":false},"in2DMode":false,"pivot":{"x":0.00012350082397460938,"y":0.007348543033003807,"z":-0.0017163259908556939},"rotation":{"x":0.008302993141114712,"y":-0.9846130013465881,"z":0.04877919703722,"w":0.1675974726676941},"size":129.89089965820313,"orthographic":false}