{"cameraMode":{"drawMode":0,"name":"Shaded","section":"Shading Mode"},"sceneLighting":false,"audioPlay":false,"sceneViewState":{"showFog":false,"showMaterialUpdate":false,"showSkybox":false,"showFlares":false,"showImageEffects":false,"showParticleSystems":false},"in2DMode":false,"pivot":{"x":-0.9418827295303345,"y":1.2930827140808106,"z":-0.062212467193603519},"rotation":{"x":0.004084968939423561,"y":-0.9958912134170532,"z":0.06732598692178726,"w":0.060425661504268649},"size":-0.16640210151672364,"orthographic":false}