{"cameraMode":{"drawMode":0,"name":"Shaded","section":"Shading Mode"},"sceneLighting":false,"audioPlay":false,"sceneViewState":{"showFog":false,"showMaterialUpdate":false,"showSkybox":false,"showFlares":false,"showImageEffects":false,"showParticleSystems":false},"in2DMode":false,"pivot":{"x":6.4099812507629398,"y":208.20864868164063,"z":287.7950744628906},"rotation":{"x":-0.002074707765132189,"y":0.9919368624687195,"z":-0.12565340101718903,"w":-0.016376005485653878},"size":0.039716899394989017,"orthographic":false}