{"cameraMode":{"drawMode":0,"name":"Shaded","section":"Shading Mode"},"sceneLighting":false,"audioPlay":false,"sceneViewState":{"showFog":false,"showMaterialUpdate":false,"showSkybox":false,"showFlares":false,"showImageEffects":false,"showParticleSystems":false},"in2DMode":false,"pivot":{"x":-0.0697782039642334,"y":158.15621948242188,"z":-21.71442413330078},"rotation":{"x":-0.0005382837262004614,"y":-0.9969356060028076,"z":0.07792190462350846,"w":-0.0068775322288274769},"size":102.84812927246094,"orthographic":false}