{"cameraMode":{"drawMode":0,"name":"Shaded","section":"Shading Mode"},"sceneLighting":false,"audioPlay":false,"sceneViewState":{"showFog":false,"showMaterialUpdate":false,"showSkybox":false,"showFlares":false,"showImageEffects":false,"showParticleSystems":false},"in2DMode":false,"pivot":{"x":-90.63741302490235,"y":1.1082544326782227,"z":-0.10024452209472656},"rotation":{"x":0.0001343858166364953,"y":0.9989831447601318,"z":-0.04498754441738129,"w":0.0029886793345212938},"size":5.130478858947754,"orthographic":false}