{"cameraMode":{"drawMode":0,"name":"Shaded","section":"Shading Mode"},"sceneLighting":true,"audioPlay":false,"sceneViewState":{"showFog":false,"showMaterialUpdate":false,"showSkybox":false,"showFlares":false,"showImageEffects":false,"showParticleSystems":false},"in2DMode":false,"pivot":{"x":-190.9105682373047,"y":-8.469772338867188,"z":-203.87242126464845},"rotation":{"x":0.002970778150483966,"y":0.9800549745559692,"z":-0.19816046953201295,"w":0.014694077894091607},"size":478.2565002441406,"orthographic":false}