{"cameraMode":{"drawMode":0,"name":"Shaded","section":"Shading Mode"},"sceneLighting":false,"audioPlay":false,"sceneViewState":{"showFog":true,"showMaterialUpdate":false,"showSkybox":false,"showFlares":true,"showImageEffects":true,"showParticleSystems":true},"in2DMode":false,"pivot":{"x":47.3205451965332,"y":350.285400390625,"z":506.0596923828125},"rotation":{"x":0.0023651255760341884,"y":-0.9917111992835999,"z":0.12713323533535005,"w":0.01844991371035576},"size":182.45980834960938,"orthographic":false}