{"cameraMode":{"drawMode":0,"name":"Shaded","section":"Shading Mode"},"sceneLighting":true,"audioPlay":false,"sceneViewState":{"showFog":false,"showMaterialUpdate":false,"showSkybox":false,"showFlares":false,"showImageEffects":false,"showParticleSystems":false},"in2DMode":false,"pivot":{"x":112.47918701171875,"y":109.11416625976563,"z":-23.54058837890625},"rotation":{"x":-0.006986241787672043,"y":0.9897356629371643,"z":-0.13292421400547028,"w":-0.052016571164131168},"size":348.7110595703125,"orthographic":false}