{"cameraMode":{"drawMode":0,"name":"Shaded","section":"Shading Mode"},"sceneLighting":false,"audioPlay":false,"sceneViewState":{"showFog":false,"showMaterialUpdate":false,"showSkybox":false,"showFlares":false,"showImageEffects":false,"showParticleSystems":false},"in2DMode":false,"pivot":{"x":3.5121965408325197,"y":142.2680206298828,"z":-33.94252014160156},"rotation":{"x":0.0012557725422084332,"y":0.9927535653114319,"z":-0.11970944702625275,"w":0.01041680108755827},"size":114.26374053955078,"orthographic":false}