{"cameraMode":{"drawMode":0,"name":"Shaded","section":"Shading Mode"},"sceneLighting":false,"audioPlay":false,"sceneViewState":{"showFog":true,"showMaterialUpdate":false,"showSkybox":false,"showFlares":true,"showImageEffects":true,"showParticleSystems":true},"in2DMode":false,"pivot":{"x":-0.12787950038909913,"y":-0.7998735904693604,"z":-14.064435005187989},"rotation":{"x":0.0015862134750932456,"y":0.996885359287262,"z":-0.07641217112541199,"w":0.01945321075618267},"size":16.02416229248047,"orthographic":false}