{"cameraMode":{"drawMode":0,"name":"Shaded","section":"Shading Mode"},"sceneLighting":false,"audioPlay":false,"sceneViewState":{"showFog":false,"showMaterialUpdate":false,"showSkybox":false,"showFlares":false,"showImageEffects":false,"showParticleSystems":false},"in2DMode":false,"pivot":{"x":-13.805790901184082,"y":0.11313587427139282,"z":-0.04927416145801544},"rotation":{"x":0.0012621971545740963,"y":-0.9987355470657349,"z":0.03447110205888748,"w":0.03657015413045883},"size":0.18507200479507447,"orthographic":false}