{"cameraMode":{"drawMode":0,"name":"Shaded","section":"Shading Mode"},"sceneLighting":true,"audioPlay":false,"sceneViewState":{"showFog":false,"showMaterialUpdate":false,"showSkybox":false,"showFlares":false,"showImageEffects":false,"showParticleSystems":false},"in2DMode":false,"pivot":{"x":-20.072189331054689,"y":89.89944458007813,"z":-201.91830444335938},"rotation":{"x":0.0001343858166364953,"y":0.9989831447601318,"z":-0.04498754441738129,"w":0.0029886793345212938},"size":458.5302734375,"orthographic":false}