{"cameraMode":{"drawMode":0,"name":"Shaded","section":"Shading Mode"},"sceneLighting":false,"audioPlay":false,"sceneViewState":{"showFog":false,"showMaterialUpdate":false,"showSkybox":false,"showFlares":false,"showImageEffects":false,"showParticleSystems":false},"in2DMode":false,"pivot":{"x":-147.3876495361328,"y":82.82182312011719,"z":-87.24952697753906},"rotation":{"x":0.3281349539756775,"y":0.03003546968102455,"z":-0.010439619421958924,"w":0.9440955519676209},"size":239.09634399414063,"orthographic":false}