{"cameraMode":{"drawMode":0,"name":"Shaded","section":"Shading Mode"},"sceneLighting":false,"audioPlay":false,"sceneViewState":{"showFog":false,"showMaterialUpdate":false,"showSkybox":false,"showFlares":false,"showImageEffects":false,"showParticleSystems":false},"in2DMode":false,"pivot":{"x":-7.418087482452393,"y":82.44891357421875,"z":-87.16569519042969},"rotation":{"x":-0.0013358957367017866,"y":0.9965852499008179,"z":-0.08090352267026901,"w":-0.016453111544251443},"size":306.8432922363281,"orthographic":false}