{"cameraMode":{"drawMode":0,"name":"Shaded","section":"Shading Mode"},"sceneLighting":false,"audioPlay":false,"sceneViewState":{"showFog":false,"showMaterialUpdate":false,"showSkybox":false,"showFlares":false,"showImageEffects":false,"showParticleSystems":false},"in2DMode":false,"pivot":{"x":-1.0338857173919678,"y":0.4092085063457489,"z":-0.9431109428405762},"rotation":{"x":0.0001343858166364953,"y":0.9989831447601318,"z":-0.04498754441738129,"w":0.0029886793345212938},"size":1.0429596900939942,"orthographic":false}