{"cameraMode":{"drawMode":0,"name":"Shaded","section":"Shading Mode"},"sceneLighting":false,"audioPlay":false,"sceneViewState":{"showFog":false,"showMaterialUpdate":false,"showSkybox":false,"showFlares":false,"showImageEffects":false,"showParticleSystems":false},"in2DMode":false,"pivot":{"x":76.83940124511719,"y":1502.28857421875,"z":2268.04443359375},"rotation":{"x":0.0056706867180764679,"y":-0.9938971996307373,"z":0.09119671583175659,"w":0.06180186942219734},"size":128.6065216064453,"orthographic":false}