{"cameraMode":{"drawMode":0,"name":"Shaded","section":"Shading Mode"},"sceneLighting":false,"audioPlay":false,"sceneViewState":{"showFog":false,"showMaterialUpdate":false,"showSkybox":false,"showFlares":false,"showImageEffects":false,"showParticleSystems":false},"in2DMode":false,"pivot":{"x":-2.1268908977508547,"y":138.92074584960938,"z":-8.755592346191407},"rotation":{"x":-0.002074707765132189,"y":0.9919368624687195,"z":-0.12565340101718903,"w":-0.016376005485653878},"size":101.559814453125,"orthographic":false}