{"cameraMode":{"drawMode":0,"name":"Shaded","section":"Shading Mode"},"sceneLighting":true,"audioPlay":false,"sceneViewState":{"showFog":false,"showMaterialUpdate":false,"showSkybox":false,"showFlares":false,"showImageEffects":false,"showParticleSystems":false},"in2DMode":false,"pivot":{"x":164.9048309326172,"y":114.96151733398438,"z":-204.75186157226563},"rotation":{"x":-0.0006438831915147603,"y":0.9991033673286438,"z":-0.03898773714900017,"w":-0.01649496704339981},"size":568.4425048828125,"orthographic":false}