{"cameraMode":{"drawMode":0,"name":"Shaded","section":"Shading Mode"},"sceneLighting":false,"audioPlay":false,"sceneViewState":{"showFog":false,"showMaterialUpdate":false,"showSkybox":false,"showFlares":false,"showImageEffects":false,"showParticleSystems":false},"in2DMode":false,"pivot":{"x":10.116641998291016,"y":137.3427734375,"z":-18.2996826171875},"rotation":{"x":-0.0005382837262004614,"y":-0.9969356060028076,"z":0.07792190462350846,"w":-0.0068775322288274769},"size":237.35906982421876,"orthographic":false}