{"cameraMode":{"drawMode":0,"name":"Shaded","section":"Shading Mode"},"sceneLighting":false,"audioPlay":false,"sceneViewState":{"showFog":false,"showMaterialUpdate":false,"showSkybox":false,"showFlares":false,"showImageEffects":false,"showParticleSystems":false},"in2DMode":false,"pivot":{"x":12.175036430358887,"y":1314.630126953125,"z":2311.973388671875},"rotation":{"x":0.0056706867180764679,"y":-0.9938971996307373,"z":0.09119671583175659,"w":0.06180186942219734},"size":19.77621078491211,"orthographic":false}