{"cameraMode":{"drawMode":0,"name":"Shaded","section":"Shading Mode"},"sceneLighting":true,"audioPlay":false,"sceneViewState":{"showFog":false,"showMaterialUpdate":false,"showSkybox":false,"showFlares":false,"showImageEffects":false,"showParticleSystems":false},"in2DMode":false,"pivot":{"x":9.892986297607422,"y":97.69949340820313,"z":-9.587127685546875},"rotation":{"x":-0.006986241787672043,"y":0.9897356629371643,"z":-0.13292421400547028,"w":-0.052016571164131168},"size":380.8011779785156,"orthographic":false}